scenario,batch_size,traffic_pattern,priority_scheduling,request_count,duration_s,throughput_rps,interactive_p50_ms,interactive_p95_ms,interactive_p99_ms,batch_p50_ms,batch_p95_ms,batch_p99_ms,interactive_sla_pct,batch_sla_pct,success_rate_pct,requests_dropped_total,avg_gpu_utilization,avg_cpu_percent,peak_queue_depth,cost_per_1000_usd,extra
batch_sweep_steady,1,steady,True,40,0.9678837999999814,41.32727503032985,335.3262000018731,467.9065000018454,478.5712999982934,0.0,0.0,0.0,0.0,100.0,100.0,0.0,29.0,65.36666666666667,12.0,0.00012930322640624747,{}
batch_sweep_bursty,1,bursty,True,728,31.404411499999696,23.181456528806695,55.95800000082818,299.4140000009793,462.48869999908493,150.14829999927315,4154.254700002639,4197.551100001874,89.38223938223938,100.0,100.0,0.0,31.639344262295083,83.50983606557377,58.0,0.0002305183021334112,{}
batch_sweep_steady,8,steady,True,40,0.7447069999980158,53.712399641881404,285.9437999977672,364.29649999990943,410.48809999847435,0.0,0.0,0.0,20.0,100.0,100.0,0.0,30.0,66.4,0.0,9.948820078098492e-05,{}
batch_sweep_bursty,8,bursty,True,727,30.273888899999292,24.01409354448734,46.51039999953355,125.65329999779351,173.3429999985674,52.9456999975082,115.86340000212658,143.58269999866025,99.41972920696325,100.0,100.0,0.0,31.452173913043477,84.79739130434783,5.0,0.00022252557607891501,{}
batch_sweep_steady,32,steady,True,40,1.030568599999242,38.81352488328232,348.50180000285036,502.5816000015766,539.1301999989082,0.0,0.0,0.0,7.5,100.0,100.0,0.0,30.0,60.55,0.0,0.00013767752390614872,{}
batch_sweep_bursty,32,bursty,True,748,30.36250619999919,24.635647501325828,41.78970000066329,86.36779999869759,115.26799999774084,54.028099999413826,96.69100000246544,109.1459000017494,100.0,100.0,100.0,0.0,32.26495726495727,86.35042735042735,2.0,0.00021691128677305568,{}
sla_priority_on,8,bursty,True,743,30.30792819999988,24.515037619760594,39.01599999881,59.155099999770755,68.26700000237906,45.93369999929564,62.130800000886666,75.26490000236663,100.0,100.0,100.0,0.0,32.28813559322034,80.73813559322033,2.0,0.00021797845399562494,{}
sla_priority_off,8,bursty,False,761,30.306919300001027,25.10977748899652,35.13380000003963,56.326600002648775,66.46140000157175,44.45599999962724,57.63419999857433,68.48519999766722,100.0,100.0,100.0,0.0,33.46610169491525,81.61186440677966,2.0,0.00021281550592559852,{}
